Individual,Max_Gamma,Peak_m,Mean_X,Num_Positive_X,Num_Negative_X,Full_Logit_Xw,Abs_Full_Logit_Xw,Sum_Abs_Weighted_Terms,Signed_Weighted_Term_Sum
578,22.097443560499094,7,0.4541521673899086,7,3,2.8767055316950527,2.8767055316950527,3.6189309033149297,2.8767055316950527
2891,39.64286587594229,8,-0.49605918929588555,2,8,-3.7141413727640837,3.7141413727640837,3.9939056131942854,-3.7141413727640833
2969,35.26257319040959,7,-0.49549789596958876,3,7,-3.5625898416747885,3.5625898416747885,3.976637245787461,-3.5625898416747885
5006,30.71000185447277,9,-0.5695149576973714,1,9,-3.460007408403105,3.460007408403105,3.7392599733801344,-3.460007408403105
8745,29.779316637794718,8,0.3698510019988729,8,2,3.261768563981525,3.261768563981525,3.9602808278675132,3.2617685639815255
8783,24.31644577090893,7,-0.4027917327247844,3,7,-3.1097747575772314,3.1097747575772314,3.5515458172577543,-3.1097747575772305
9563,44.44699799859282,9,-0.6343852892779028,1,9,-3.82666498717691,3.82666498717691,4.051492856046072,-3.82666498717691
