Dataset,m_peak,gamma_peak,gamma_final,final_recovery
corners,10,257.81018425876385,257.81018425876385,1.0536112975738745
standard,9,67.77548900853559,64.88502718228155,0.26517027587251285
